Metric,Mean Score,Confidence Interval Lower,Confidence Interval Upper
Precision,0.5291782995837707,0.4560714170060776,0.6076315342276184
Recall,0.46366608149089195,0.3920601735926337,0.5389123228551062
F1 Score,0.484886745893293,0.418385568537094,0.5594605366388956
