Metric,Mean Score,Confidence Interval Lower,Confidence Interval Upper
Precision,0.33186120492357896,0.2872459276958748,0.37893824479370203
Recall,0.5366179564926358,0.47760766852233144,0.5992776672597284
F1 Score,0.40456801653956925,0.3557539607363719,0.4566791446810519
